[
  {
    "id": 1,
    "commercial_name": "Paracetamol",
    "formula_name": "N-(4-hidroxifenil)acetamida",
    "description": "Analgésico y antipirético de uso común, efectivo para el alivio del dolor leve a moderado y la reducción de la fiebre.",
    "uses": [
      "Alivio del dolor leve a moderado",
      "Reducción de la fiebre",
      "Tratamiento de dolores de cabeza",
      "Alivio de dolores musculares"
    ],
    "presentations": [
      {
        "form": "Tabletas",
        "doses": ["500 mg", "650 mg", "1000 mg"],
        "route": "oral"
      },
      {
        "form": "Solución oral",
        "doses": ["120 mg/5ml", "250 mg/5ml"],
        "route": "oral"
      },
      {
        "form": "Supositorios",
        "doses": ["125 mg", "250 mg", "500 mg"],
        "route": "rectal"
      }
    ],
    "cost": {
      "low": 25,
      "high": 150,
      "currency": "MXN"
    },
    "image_url": "https://images.unsplash.com/photo-1584308666744-24d5c474f2ae?w=400",
    "pharmacokinetic_params": {
      "half_life": 2.5,
      "volume": 50,
      "clearance": 20,
      "ka": 1.2,
      "cme": 10,
      "cmt": 200
    }
  },
  {
    "id": 2,
    "commercial_name": "Ibuprofeno",
    "formula_name": "Ácido 2-(4-isobutilfenil)propiónico",
    "description": "Antiinflamatorio no esteroideo (AINE) que reduce la inflamación, el dolor y la fiebre mediante la inhibición de las enzimas COX.",
    "uses": [
      "Alivio del dolor",
      "Reducción de la inflamación",
      "Tratamiento de artritis",
      "Alivio de dolores menstruales",
      "Reducción de fiebre"
    ],
    "presentations": [
      {
        "form": "Tabletas",
        "doses": ["200 mg", "400 mg", "600 mg", "800 mg"],
        "route": "oral"
      },
      {
        "form": "Cápsulas",
        "doses": ["200 mg", "400 mg"],
        "route": "oral"
      },
      {
        "form": "Gel tópico",
        "doses": ["5%", "10%"],
        "route": "topical"
      }
    ],
    "cost": {
      "low": 30,
      "high": 200,
      "currency": "MXN"
    },
    "image_url": "https://images.unsplash.com/photo-1559757148-5c350d0d0c6d?w=400",
    "pharmacokinetic_params": {
      "half_life": 2.0,
      "volume": 12,
      "clearance": 15,
      "ka": 1.5,
      "cme": 15,
      "cmt": 200
    }
  },
  {
    "id": 3,
    "commercial_name": "Amoxicilina",
    "formula_name": "(2S,5R,6R)-6-[[(2R)-2-amino-2-(4-hidroxifenil)acetil]amino]-3,3-dimetil-7-oxo-4-tia-1-azabiciclo[3.2.0]heptano-2-ácido carboxílico",
    "description": "Antibiótico betalactámico de amplio espectro, perteneciente al grupo de las penicilinas, utilizado para tratar infecciones bacterianas.",
    "uses": [
      "Tratamiento de infecciones respiratorias",
      "Infecciones del tracto urinario",
      "Infecciones de la piel",
      "Infecciones del oído",
      "Infecciones dentales"
    ],
    "presentations": [
      {
        "form": "Cápsulas",
        "doses": ["250 mg", "500 mg"],
        "route": "oral"
      },
      {
        "form": "Suspensión",
        "doses": ["125 mg/5ml", "250 mg/5ml"],
        "route": "oral"
      },
      {
        "form": "Inyección",
        "doses": ["500 mg", "1 g"],
        "route": "iv"
      }
    ],
    "cost": {
      "low": 80,
      "high": 300,
      "currency": "MXN"
    },
    "image_url": "https://images.unsplash.com/photo-1582719471384-894fbb16e074?w=400",
    "pharmacokinetic_params": {
      "half_life": 1.2,
      "volume": 25,
      "clearance": 18,
      "ka": 1.8,
      "cme": 4,
      "cmt": 100
    }
  },
  {
    "id": 4,
    "commercial_name": "Cafeína",
    "formula_name": "1,3,7-trimetilxantina",
    "description": "Estimulante del sistema nervioso central que actúa como antagonista de los receptores de adenosina, aumentando el estado de alerta y reduciendo la fatiga.",
    "uses": [
      "Aumento del estado de alerta",
      "Reducción de la fatiga",
      "Mejora del rendimiento físico",
      "Tratamiento de dolores de cabeza",
      "Prevención de apnea en prematuros"
    ],
    "presentations": [
      {
        "form": "Tabletas",
        "doses": ["100 mg", "200 mg"],
        "route": "oral"
      },
      {
        "form": "Cápsulas",
        "doses": ["100 mg", "200 mg"],
        "route": "oral"
      },
      {
        "form": "Bebidas",
        "doses": ["Variable"],
        "route": "oral"
      }
    ],
    "cost": {
      "low": 20,
      "high": 100,
      "currency": "MXN"
    },
    "image_url": "https://images.unsplash.com/photo-1514432324607-a09d9b4aefdd?w=400",
    "pharmacokinetic_params": {
      "half_life": 5.0,
      "volume": 40,
      "clearance": 8,
      "ka": 2.0,
      "cme": 5,
      "cmt": 80
    }
  },
  {
    "id": 5,
    "commercial_name": "Aspirina",
    "formula_name": "Ácido acetilsalicílico",
    "description": "Antiinflamatorio no esteroideo con propiedades analgésicas, antipiréticas y antiplaquetarias. Ampliamente utilizado para el alivio del dolor y la prevención de eventos cardiovasculares.",
    "uses": [
      "Alivio del dolor",
      "Reducción de la fiebre",
      "Prevención de infartos",
      "Prevención de accidentes cerebrovasculares",
      "Tratamiento de artritis"
    ],
    "presentations": [
      {
        "form": "Tabletas",
        "doses": ["100 mg", "325 mg", "500 mg"],
        "route": "oral"
      },
      {
        "form": "Tabletas masticables",
        "doses": ["81 mg"],
        "route": "oral"
      }
    ],
    "cost": {
      "low": 15,
      "high": 120,
      "currency": "MXN"
    },
    "image_url": "https://images.unsplash.com/photo-1584308666744-24d5c474f2ae?w=400",
    "pharmacokinetic_params": {
      "half_life": 0.3,
      "volume": 10,
      "clearance": 25,
      "ka": 2.5,
      "cme": 50,
      "cmt": 300
    }
  },
  {
    "id": 6,
    "commercial_name": "Lidocaína",
    "formula_name": "2-(dietilamino)-N-(2,6-dimetilfenil)acetamida",
    "description": "Anestésico local y antiarrítmico utilizado para bloquear la conducción nerviosa y tratar arritmias cardíacas.",
    "uses": [
      "Anestesia local",
      "Tratamiento de arritmias",
      "Anestesia epidural",
      "Anestesia tópica"
    ],
    "presentations": [
      {
        "form": "Inyección",
        "doses": ["1%", "2%"],
        "route": "iv"
      },
      {
        "form": "Pomada tópica",
        "doses": ["5%"],
        "route": "topical"
      },
      {
        "form": "Parche",
        "doses": ["5%"],
        "route": "topical"
      }
    ],
    "cost": {
      "low": 50,
      "high": 250,
      "currency": "MXN"
    },
    "image_url": "https://images.unsplash.com/photo-1559757148-5c350d0d0c6d?w=400",
    "pharmacokinetic_params": {
      "half_life": 1.8,
      "volume": 70,
      "clearance": 30,
      "ka": 0.5,
      "cme": 1.5,
      "cmt": 5
    }
  }
]

